{
  "trained_at_utc": "2026-04-01T13:02:54Z",
  "n_rows": 22058,
  "n_train": 17646,
  "n_val": 4412,
  "metrics": {
    "ridge": {
      "mae": 10.17385855463731,
      "r2": 0.3432216036376484,
      "best_params": {
        "model__alpha": 100.0
      }
    },
    "svm": {
      "mae": 10.110745588725914,
      "r2": 0.349747092703261,
      "best_params": {
        "model__C": 10,
        "model__epsilon": 0.1,
        "model__gamma": "auto",
        "model__kernel": "rbf"
      }
    },
    "random_forest": {
      "mae": 10.151979189563647,
      "r2": 0.34680112081300274,
      "best_params": {
        "bootstrap": true,
        "max_depth": 10,
        "max_features": "sqrt",
        "min_samples_leaf": 2,
        "min_samples_split": 5,
        "n_estimators": 600
      }
    },
    "xgb": {
      "mae": 10.111848831176758,
      "r2": 0.3524363162300398,
      "best_params": {
        "colsample_bytree": 0.85,
        "learning_rate": 0.02,
        "max_depth": 3,
        "n_estimators": 400,
        "reg_alpha": 0.0,
        "reg_lambda": 2.0,
        "subsample": 0.85
      }
    }
  }
}